{"cameraMode":{"drawMode":0,"name":"Shaded","section":"Shading Mode"},"sceneLighting":false,"audioPlay":false,"sceneViewState":{"showFog":true,"showMaterialUpdate":true,"showSkybox":false,"showFlares":true,"showImageEffects":true,"showParticleSystems":true},"in2DMode":false,"pivot":{"x":1.354252815246582,"y":0.3864290714263916,"z":-2.936615467071533},"rotation":{"x":0.0001932823215611279,"y":0.9996652007102966,"z":0.025187667459249498,"w":-0.0071952068246901039},"size":4.723058223724365,"orthographic":false}