{"cameraMode":{"drawMode":0,"name":"Shaded","section":"Shading Mode"},"sceneLighting":false,"audioPlay":false,"sceneViewState":{"showFog":true,"showMaterialUpdate":true,"showSkybox":false,"showFlares":true,"showImageEffects":true,"showParticleSystems":true},"in2DMode":false,"pivot":{"x":-15.888928413391114,"y":-3.9872429370880129,"z":0.28768834471702578},"rotation":{"x":-0.12542538344860078,"y":0.7446761131286621,"z":-0.14615975320339204,"w":-0.6390345692634583},"size":0.13607315719127656,"orthographic":false}