{"cameraMode":{"drawMode":0,"name":"Shaded","section":"Shading Mode"},"sceneLighting":false,"audioPlay":false,"sceneViewState":{"showFog":true,"showMaterialUpdate":true,"showSkybox":false,"showFlares":true,"showImageEffects":true,"showParticleSystems":true},"in2DMode":false,"pivot":{"x":0.25236618518829348,"y":-0.2214035987854004,"z":-0.018328821286559106},"rotation":{"x":-0.0978267639875412,"y":0.7052301168441773,"z":-0.0992451086640358,"w":-0.6951488256454468},"size":0.146787628531456,"orthographic":false}